BTB; Execution Time
Disabled; 20133194.000000
Perfected; 19497458.000000
NonPerfected; 19531455.000000
